thresh_c,kernel_size,size_thresh,epsilon,Avg Loss,Success_Rate,Successful,Good_Detections,Good_Rate
1,3,5000,0.01,250.64577,0.99,396,123,0.3075
1,3,5000,0.02,297.00354,1,400,66,0.165
1,3,5000,0.03,250.5386,0.9975,399,121,0.3025
1,3,5000,0.04,235.56978,0.9975,399,144,0.36
1,3,5000,0.05,200.90526,1,400,179,0.4475
1,3,5000,0.06,158.44753,0.9925,397,226,0.565
1,3,10000,0.01,250.64574,0.99,396,123,0.3075
1,3,10000,0.02,296.63992,0.9975,399,66,0.165
1,3,10000,0.03,250.53865,0.9975,399,121,0.3025
1,3,10000,0.04,235.56982,0.9975,399,144,0.36
1,3,10000,0.05,201.2472,0.9925,397,179,0.4475
1,3,10000,0.06,158.34933,0.9875,395,226,0.565
1,3,15000,0.01,250.64574,0.99,396,123,0.3075
1,3,15000,0.02,296.73645,0.9925,397,66,0.165
1,3,15000,0.03,250.68204,0.995,398,121,0.3025
1,3,15000,0.04,235.67563,0.995,398,144,0.36
1,3,15000,0.05,201.26686,0.99,396,179,0.4475
1,3,15000,0.06,158.28201,0.9825,393,226,0.565
1,3,20000,0.01,250.64575,0.99,396,123,0.3075
1,3,20000,0.02,296.73645,0.9925,397,66,0.165
1,3,20000,0.03,250.68204,0.995,398,121,0.3025
1,3,20000,0.04,235.67563,0.995,398,144,0.36
1,3,20000,0.05,201.26686,0.99,396,179,0.4475
1,3,20000,0.06,158.28203,0.9825,393,226,0.565
1,5,5000,0.01,279.46136,0.89,356,92,0.23
1,5,5000,0.02,372.59766,1,400,1,0.0025
1,5,5000,0.03,369.29337,0.99,396,3,0.0075
1,5,5000,0.04,349.64224,0.9925,397,29,0.0725
1,5,5000,0.05,346.2719,0.9675,387,29,0.0725
1,5,5000,0.06,344.6828,0.97,388,29,0.0725
1,5,10000,0.01,280.09866,0.885,354,92,0.23
1,5,10000,0.02,372.59763,1,400,1,0.0025
1,5,10000,0.03,368.40384,0.9875,395,3,0.0075
1,5,10000,0.04,347.49432,0.97,388,29,0.0725
1,5,10000,0.05,346.66895,0.96,384,29,0.0725
1,5,10000,0.06,345.39777,0.9525,381,29,0.0725
1,5,15000,0.01,280.09863,0.885,354,92,0.23
1,5,15000,0.02,372.59766,1,400,1,0.0025
1,5,15000,0.03,368.99612,0.98,392,3,0.0075
1,5,15000,0.04,346.92422,0.96,384,29,0.0725
1,5,15000,0.05,346.6663,0.9575,383,29,0.0725
1,5,15000,0.06,345.3917,0.95,380,29,0.0725
1,5,20000,0.01,280.09863,0.885,354,92,0.23
1,5,20000,0.02,372.59763,1,400,1,0.0025
1,5,20000,0.03,369.35468,0.975,390,3,0.0075
1,5,20000,0.04,346.18735,0.95,380,29,0.0725
1,5,20000,0.05,345.9247,0.9475,379,29,0.0725
1,5,20000,0.06,345.9247,0.9475,379,29,0.0725
1,7,5000,0.01,347.29462,0.8225,329,25,0.0625
1,7,5000,0.02,374.49158,1,400,0,0
1,7,5000,0.03,374.49158,1,400,0,0
1,7,5000,0.04,374.49158,1,400,0,0
1,7,5000,0.05,374.49158,1,400,0,0
1,7,5000,0.06,374.49158,1,400,0,0
1,7,10000,0.01,348.12122,0.8175,327,25,0.0625
1,7,10000,0.02,374.4916,1,400,0,0
1,7,10000,0.03,374.49158,1,400,0,0
1,7,10000,0.04,374.49158,1,400,0,0
1,7,10000,0.05,374.4916,1,400,0,0
1,7,10000,0.06,374.49158,1,400,0,0
1,7,15000,0.01,348.00516,0.815,326,25,0.0625
1,7,15000,0.02,374.49158,1,400,0,0
1,7,15000,0.03,374.4916,1,400,0,0
1,7,15000,0.04,374.49158,1,400,0,0
1,7,15000,0.05,374.4916,1,400,0,0
1,7,15000,0.06,374.49158,1,400,0,0
1,7,20000,0.01,348.43628,0.8125,325,25,0.0625
1,7,20000,0.02,374.49158,1,400,0,0
1,7,20000,0.03,374.4916,1,400,0,0
1,7,20000,0.04,374.49158,1,400,0,0
1,7,20000,0.05,374.49158,1,400,0,0
1,7,20000,0.06,374.49158,1,400,0,0
1,9,5000,0.01,362.72733,0.8075,323,7,0.0175
1,9,5000,0.02,374.89993,1,400,0,0
1,9,5000,0.03,374.89993,1,400,0,0
1,9,5000,0.04,374.89993,1,400,0,0
1,9,5000,0.05,374.89996,1,400,0,0
1,9,5000,0.06,374.89993,1,400,0,0
1,9,10000,0.01,365.83832,0.78,312,7,0.0175
1,9,10000,0.02,374.89993,1,400,0,0
1,9,10000,0.03,374.89993,1,400,0,0
1,9,10000,0.04,374.89993,1,400,0,0
1,9,10000,0.05,374.89993,1,400,0,0
1,9,10000,0.06,374.89993,1,400,0,0
1,9,15000,0.01,367.34448,0.7725,309,7,0.0175
1,9,15000,0.02,374.89993,1,400,0,0
1,9,15000,0.03,374.89993,1,400,0,0
1,9,15000,0.04,374.89993,1,400,0,0
1,9,15000,0.05,374.89993,1,400,0,0
1,9,15000,0.06,374.89996,1,400,0,0
1,9,20000,0.01,367.78964,0.77,308,7,0.0175
1,9,20000,0.02,374.89993,1,400,0,0
1,9,20000,0.03,374.89993,1,400,0,0
1,9,20000,0.04,374.89996,1,400,0,0
1,9,20000,0.05,374.89987,1,400,0,0
1,9,20000,0.06,374.89996,1,400,0,0
2,3,5000,0.01,121.72633,0.97,388,232,0.58
2,3,5000,0.02,124.257324,0.9875,395,201,0.5025
2,3,5000,0.03,120.0902,0.99,396,211,0.5275
2,3,5000,0.04,117.53918,0.9975,399,220,0.55
2,3,5000,0.05,117.52475,0.9975,399,220,0.55
2,3,5000,0.06,69.39827,0.995,398,270,0.675
2,3,10000,0.01,121.72633,0.97,388,232,0.58
2,3,10000,0.02,123.7156,0.985,394,201,0.5025
2,3,10000,0.03,120.09019,0.99,396,211,0.5275
2,3,10000,0.04,117.53918,0.9975,399,220,0.55
2,3,10000,0.05,117.21932,0.995,398,220,0.55
2,3,10000,0.06,69.39827,0.995,398,270,0.675
2,3,15000,0.01,121.72633,0.97,388,232,0.58
2,3,15000,0.02,123.13573,0.9825,393,201,0.5025
2,3,15000,0.03,119.420135,0.9875,395,211,0.5275
2,3,15000,0.04,116.86774,0.995,398,220,0.55
2,3,15000,0.05,117.21931,0.995,398,220,0.55
2,3,15000,0.06,69.39826,0.995,398,270,0.675
2,3,20000,0.01,121.098625,0.9675,387,232,0.58
2,3,20000,0.02,122.60185,0.98,392,201,0.5025
2,3,20000,0.03,119.42011,0.9875,395,211,0.5275
2,3,20000,0.04,116.86774,0.995,398,220,0.55
2,3,20000,0.05,117.21932,0.995,398,220,0.55
2,3,20000,0.06,69.39826,0.995,398,270,0.675
2,5,5000,0.01,217.6274,0.9675,387,115,0.2875
2,5,5000,0.02,175.12378,0.9925,397,184,0.46
2,5,5000,0.03,168.91496,0.995,398,178,0.445
2,5,5000,0.04,163.80133,0.9925,397,191,0.4775
2,5,5000,0.05,114.07902,0.9875,395,247,0.6175
2,5,5000,0.06,114.02475,0.9875,395,251,0.6275
2,5,10000,0.01,217.62743,0.9675,387,115,0.2875
2,5,10000,0.02,173.27657,0.9875,395,184,0.46
2,5,10000,0.03,168.64406,0.99,396,178,0.445
2,5,10000,0.04,163.80042,0.9925,397,191,0.4775
2,5,10000,0.05,114.22528,0.985,394,247,0.6175
2,5,10000,0.06,114.17086,0.985,394,251,0.6275
2,5,15000,0.01,217.62744,0.9675,387,115,0.2875
2,5,15000,0.02,171.73991,0.9825,393,184,0.46
2,5,15000,0.03,168.40385,0.9875,395,178,0.445
2,5,15000,0.04,163.80042,0.9925,397,191,0.4775
2,5,15000,0.05,114.22528,0.985,394,247,0.6175
2,5,15000,0.06,114.17086,0.985,394,251,0.6275
2,5,20000,0.01,217.6274,0.9675,387,115,0.2875
2,5,20000,0.02,171.0285,0.98,392,184,0.46
2,5,20000,0.03,168.40385,0.9875,395,178,0.445
2,5,20000,0.04,162.67937,0.9875,395,191,0.4775
2,5,20000,0.05,114.22528,0.985,394,247,0.6175
2,5,20000,0.06,114.170876,0.985,394,251,0.6275
2,7,5000,0.01,260.40125,0.9375,375,91,0.2275
2,7,5000,0.02,297.96475,0.97,388,33,0.0825
2,7,5000,0.03,301.8932,0.98,392,36,0.09
2,7,5000,0.04,297.42114,0.975,390,50,0.125
2,7,5000,0.05,296.44437,0.9725,389,50,0.125
2,7,5000,0.06,287.023,0.965,386,56,0.14
2,7,10000,0.01,260.86847,0.935,374,91,0.2275
2,7,10000,0.02,298.71017,0.96,384,33,0.0825
2,7,10000,0.03,302.06512,0.9725,389,36,0.09
2,7,10000,0.04,297.88965,0.9675,387,50,0.125
2,7,10000,0.05,296.81717,0.965,386,50,0.125
2,7,10000,0.06,287.60364,0.9575,383,56,0.14
2,7,15000,0.01,260.86844,0.935,374,91,0.2275
2,7,15000,0.02,298.24863,0.9575,383,33,0.0825
2,7,15000,0.03,302.06506,0.9725,389,36,0.09
2,7,15000,0.04,297.88962,0.9675,387,50,0.125
2,7,15000,0.05,297.09454,0.9625,385,50,0.125
2,7,15000,0.06,287.86432,0.955,382,56,0.14
2,7,20000,0.01,260.86847,0.935,374,91,0.2275
2,7,20000,0.02,298.24863,0.9575,383,33,0.0825
2,7,20000,0.03,302.02747,0.9675,387,36,0.09
2,7,20000,0.04,297.58954,0.965,386,50,0.125
2,7,20000,0.05,297.09457,0.9625,385,50,0.125
2,7,20000,0.06,287.8643,0.955,382,56,0.14
2,9,5000,0.01,271.99557,0.8925,357,78,0.195
2,9,5000,0.02,292.0682,0.94,376,48,0.12
2,9,5000,0.03,320.3154,0.9675,387,12,0.03
2,9,5000,0.04,322.4059,0.9725,389,19,0.0475
2,9,5000,0.05,308.12524,0.955,382,35,0.0875
2,9,5000,0.06,306.29498,0.9475,379,39,0.0975
2,9,10000,0.01,271.7573,0.89,356,78,0.195
2,9,10000,0.02,292.05423,0.9225,369,48,0.12
2,9,10000,0.03,320.9336,0.95,380,12,0.03
2,9,10000,0.04,322.093,0.96,384,19,0.0475
2,9,10000,0.05,310.52243,0.9425,377,35,0.0875
2,9,10000,0.06,308.14462,0.935,374,39,0.0975
2,9,15000,0.01,271.75732,0.89,356,78,0.195
2,9,15000,0.02,292.05423,0.9225,369,48,0.12
2,9,15000,0.03,320.93362,0.95,380,12,0.03
2,9,15000,0.04,322.093,0.96,384,19,0.0475
2,9,15000,0.05,310.52243,0.9425,377,35,0.0875
2,9,15000,0.06,307.96857,0.9325,373,39,0.0975
2,9,20000,0.01,271.7573,0.89,356,78,0.195
2,9,20000,0.02,292.05423,0.9225,369,48,0.12
2,9,20000,0.03,321.16867,0.9475,379,12,0.03
2,9,20000,0.04,322.34662,0.9575,383,19,0.0475
2,9,20000,0.05,310.5118,0.9375,375,35,0.0875
2,9,20000,0.06,308.19177,0.93,372,39,0.0975
3,3,5000,0.01,88.223236,0.955,382,272,0.68
3,3,5000,0.02,69.988106,0.9825,393,297,0.7425
3,3,5000,0.03,66.54457,0.985,394,295,0.7375
3,3,5000,0.04,62.517597,0.9725,389,290,0.725
3,3,5000,0.05,16.524002,0.97,388,334,0.835
3,3,5000,0.06,16.84335,0.9675,387,330,0.825
3,3,10000,0.01,88.22325,0.955,382,272,0.68
3,3,10000,0.02,69.98811,0.9825,393,297,0.7425
3,3,10000,0.03,66.54457,0.985,394,295,0.7375
3,3,10000,0.04,61.89588,0.97,388,290,0.725
3,3,10000,0.05,16.524002,0.97,388,334,0.835
3,3,10000,0.06,16.84335,0.9675,387,330,0.825
3,3,15000,0.01,88.22325,0.955,382,272,0.68
3,3,15000,0.02,68.52066,0.9775,391,297,0.7425
3,3,15000,0.03,66.54457,0.985,394,295,0.7375
3,3,15000,0.04,61.895874,0.97,388,290,0.725
3,3,15000,0.05,16.524002,0.97,388,334,0.835
3,3,15000,0.06,16.84335,0.9675,387,330,0.825
3,3,20000,0.01,87.531944,0.9525,381,272,0.68
3,3,20000,0.02,66.34884,0.97,388,297,0.7425
3,3,20000,0.03,63.625988,0.975,390,295,0.7375
3,3,20000,0.04,61.895874,0.97,388,290,0.725
3,3,20000,0.05,16.524002,0.97,388,334,0.835
3,3,20000,0.06,16.84335,0.9675,387,330,0.825
3,5,5000,0.01,118.31115,0.95,380,238,0.595
3,5,5000,0.02,125.63965,0.97,388,175,0.4375
3,5,5000,0.03,128.89188,0.995,398,154,0.385
3,5,5000,0.04,127.58921,0.9975,399,153,0.3825
3,5,5000,0.05,125.98304,0.995,398,175,0.4375
3,5,5000,0.06,124.89142,0.9925,397,192,0.48
3,5,10000,0.01,118.31115,0.95,380,238,0.595
3,5,10000,0.02,125.639656,0.97,388,175,0.4375
3,5,10000,0.03,127.898575,0.99,396,154,0.385
3,5,10000,0.04,127.53491,0.995,398,153,0.3825
3,5,10000,0.05,125.40206,0.9925,397,175,0.4375
3,5,10000,0.06,124.89144,0.9925,397,192,0.48
3,5,15000,0.01,118.31114,0.95,380,238,0.595
3,5,15000,0.02,125.639656,0.97,388,175,0.4375
3,5,15000,0.03,127.89856,0.99,396,154,0.385
3,5,15000,0.04,127.25584,0.9925,397,153,0.3825
3,5,15000,0.05,125.116875,0.99,396,175,0.4375
3,5,15000,0.06,124.60499,0.99,396,192,0.48
3,5,20000,0.01,118.31114,0.95,380,238,0.595
3,5,20000,0.02,124.950386,0.9675,387,175,0.4375
3,5,20000,0.03,127.89856,0.99,396,154,0.385
3,5,20000,0.04,127.25581,0.9925,397,153,0.3825
3,5,20000,0.05,125.116875,0.99,396,175,0.4375
3,5,20000,0.06,123.92705,0.9875,395,192,0.48
3,7,5000,0.01,176.87656,0.9125,365,146,0.365
3,7,5000,0.02,193.1724,0.9475,379,84,0.21
3,7,5000,0.03,134.30203,0.9675,387,173,0.4325
3,7,5000,0.04,138.18454,0.9675,387,164,0.41
3,7,5000,0.05,134.12738,0.97,388,186,0.465
3,7,5000,0.06,136.63797,0.97,388,194,0.485
3,7,10000,0.01,177.05582,0.91,364,146,0.365
3,7,10000,0.02,193.87042,0.94,376,84,0.21
3,7,10000,0.03,135.05267,0.9575,383,173,0.4325
3,7,10000,0.04,136.0129,0.9475,379,164,0.41
3,7,10000,0.05,132.5809,0.945,378,186,0.465
3,7,10000,0.06,129.67345,0.9375,375,194,0.485
3,7,15000,0.01,177.0558,0.91,364,146,0.365
3,7,15000,0.02,193.65085,0.9375,375,84,0.21
3,7,15000,0.03,135.27106,0.95,380,173,0.4325
3,7,15000,0.04,134.79898,0.935,374,164,0.41
3,7,15000,0.05,131.78958,0.94,376,186,0.465
3,7,15000,0.06,129.28165,0.935,374,194,0.485
3,7,20000,0.01,177.05582,0.91,364,146,0.365
3,7,20000,0.02,193.65085,0.9375,375,84,0.21
3,7,20000,0.03,134.57138,0.9475,379,173,0.4325
3,7,20000,0.04,133.28886,0.925,370,164,0.41
3,7,20000,0.05,131.70012,0.935,374,186,0.465
3,7,20000,0.06,129.0253,0.93,372,194,0.485
3,9,5000,0.01,167.05978,0.825,330,155,0.3875
3,9,5000,0.02,252.23524,0.9175,367,69,0.1725
3,9,5000,0.03,219.10355,0.9325,373,106,0.265
3,9,5000,0.04,201.09625,0.9675,387,132,0.33
3,9,5000,0.05,195.43095,0.97,388,138,0.345
3,9,5000,0.06,147.79634,0.945,378,176,0.44
3,9,10000,0.01,166.47542,0.8175,327,155,0.3875
3,9,10000,0.02,253.05495,0.8975,359,69,0.1725
3,9,10000,0.03,218.58516,0.9075,363,106,0.265
3,9,10000,0.04,193.9316,0.925,370,132,0.33
3,9,10000,0.05,183.09084,0.9125,365,138,0.345
3,9,10000,0.06,138.57068,0.8975,359,176,0.44
3,9,15000,0.01,166.47543,0.8175,327,155,0.3875
3,9,15000,0.02,252.76894,0.895,358,69,0.1725
3,9,15000,0.03,214.6837,0.8775,351,106,0.265
3,9,15000,0.04,193.91417,0.9125,365,132,0.33
3,9,15000,0.05,182.96004,0.905,362,138,0.345
3,9,15000,0.06,138.95508,0.885,354,176,0.44
3,9,20000,0.01,166.47543,0.8175,327,155,0.3875
3,9,20000,0.02,252.76894,0.895,358,69,0.1725
3,9,20000,0.03,214.6347,0.875,350,106,0.265
3,9,20000,0.04,193.92105,0.9075,363,132,0.33
3,9,20000,0.05,182.88225,0.89,356,138,0.345
3,9,20000,0.06,136.84605,0.8625,345,176,0.44
5,3,5000,0.01,17.31532,0.925,370,321,0.8025
5,3,5000,0.02,39.49015,0.945,378,289,0.7225
5,3,5000,0.03,21.713282,0.95,380,309,0.7725
5,3,5000,0.04,21.81686,0.9525,381,307,0.7675
5,3,5000,0.05,22.163527,0.955,382,308,0.77
5,3,5000,0.06,19.815886,0.9525,381,311,0.7775
5,3,10000,0.01,17.31532,0.925,370,321,0.8025
5,3,10000,0.02,39.095245,0.9425,377,289,0.7225
5,3,10000,0.03,20.037228,0.945,378,309,0.7725
5,3,10000,0.04,19.047123,0.945,378,307,0.7675
5,3,10000,0.05,19.553738,0.9475,379,308,0.77
5,3,10000,0.06,18.098824,0.945,378,311,0.7775
5,3,15000,0.01,17.315315,0.925,370,321,0.8025
5,3,15000,0.02,39.095245,0.9425,377,289,0.7225
5,3,15000,0.03,20.03723,0.945,378,309,0.7725
5,3,15000,0.04,17.969683,0.9425,377,307,0.7675
5,3,15000,0.05,18.480488,0.945,378,308,0.77
5,3,15000,0.06,18.098824,0.945,378,311,0.7775
5,3,20000,0.01,17.315315,0.925,370,321,0.8025
5,3,20000,0.02,37.73539,0.94,376,289,0.7225
5,3,20000,0.03,20.037231,0.945,378,309,0.7725
5,3,20000,0.04,17.06858,0.94,376,307,0.7675
5,3,20000,0.05,17.583132,0.9425,377,308,0.77
5,3,20000,0.06,18.098825,0.945,378,311,0.7775
5,5,5000,0.01,14.047967,0.94,376,335,0.8375
5,5,5000,0.02,102.5183,0.975,390,245,0.6125
5,5,5000,0.03,84.92607,0.9825,393,259,0.6475
5,5,5000,0.04,65.31423,0.98,392,278,0.695
5,5,5000,0.05,64.03771,0.975,390,274,0.685
5,5,5000,0.06,63.699093,0.9725,389,272,0.68
5,5,10000,0.01,14.047969,0.94,376,335,0.8375
5,5,10000,0.02,102.5183,0.975,390,245,0.6125
5,5,10000,0.03,84.92607,0.9825,393,259,0.6475
5,5,10000,0.04,65.31423,0.98,392,278,0.695
5,5,10000,0.05,64.037704,0.975,390,274,0.685
5,5,10000,0.06,63.699093,0.9725,389,272,0.68
5,5,15000,0.01,14.047967,0.94,376,335,0.8375
5,5,15000,0.02,102.51829,0.975,390,245,0.6125
5,5,15000,0.03,84.92607,0.9825,393,259,0.6475
5,5,15000,0.04,65.31423,0.98,392,278,0.695
5,5,15000,0.05,64.0377,0.975,390,274,0.685
5,5,15000,0.06,63.699097,0.9725,389,272,0.68
5,5,20000,0.01,14.047969,0.94,376,335,0.8375
5,5,20000,0.02,101.87041,0.9725,389,245,0.6125
5,5,20000,0.03,82.767334,0.975,390,259,0.6475
5,5,20000,0.04,65.31423,0.98,392,278,0.695
5,5,20000,0.05,64.03771,0.975,390,274,0.685
5,5,20000,0.06,63.699093,0.9725,389,272,0.68
5,7,5000,0.01,13.336445,0.835,334,293,0.7325
5,7,5000,0.02,120.499725,0.95,380,220,0.55
5,7,5000,0.03,122.179245,0.985,394,213,0.5325
5,7,5000,0.04,121.71477,0.9875,395,209,0.5225
5,7,5000,0.05,119.283455,0.98,392,207,0.5175
5,7,5000,0.06,118.47914,0.9775,391,209,0.5225
5,7,10000,0.01,13.191253,0.8325,333,293,0.7325
5,7,10000,0.02,120.02671,0.945,378,220,0.55
5,7,10000,0.03,121.87966,0.9825,393,213,0.5325
5,7,10000,0.04,121.09237,0.9825,393,209,0.5225
5,7,10000,0.05,119.41028,0.9775,391,207,0.5175
5,7,10000,0.06,118.60422,0.975,390,209,0.5225
5,7,15000,0.01,13.191254,0.8325,333,293,0.7325
5,7,15000,0.02,118.56062,0.9375,375,220,0.55
5,7,15000,0.03,121.77255,0.98,392,213,0.5325
5,7,15000,0.04,120.98327,0.98,392,209,0.5225
5,7,15000,0.05,119.41028,0.9775,391,207,0.5175
5,7,15000,0.06,118.60422,0.975,390,209,0.5225
5,7,20000,0.01,13.191254,0.8325,333,293,0.7325
5,7,20000,0.02,117.28032,0.9325,373,220,0.55
5,7,20000,0.03,120.5529,0.975,390,213,0.5325
5,7,20000,0.04,120.86692,0.9775,391,209,0.5225
5,7,20000,0.05,119.28963,0.975,390,207,0.5175
5,7,20000,0.06,118.35888,0.97,388,209,0.5225
5,9,5000,0.01,130.71465,0.8275,331,191,0.4775
5,9,5000,0.02,127.022354,0.9125,365,200,0.5
5,9,5000,0.03,128.0988,0.96,384,190,0.475
5,9,5000,0.04,123.94069,0.9525,381,189,0.4725
5,9,5000,0.05,123.13266,0.97,388,192,0.48
5,9,5000,0.06,121.42758,0.975,390,196,0.49
5,9,10000,0.01,130.8531,0.825,330,191,0.4775
5,9,10000,0.02,126.096634,0.905,362,200,0.5
5,9,10000,0.03,126.01704,0.9475,379,190,0.475
5,9,10000,0.04,122.20614,0.94,376,189,0.4725
5,9,10000,0.05,122.8154,0.9675,387,192,0.48
5,9,10000,0.06,121.136566,0.97,388,196,0.49
5,9,15000,0.01,130.8531,0.825,330,191,0.4775
5,9,15000,0.02,124.77282,0.9,360,200,0.5
5,9,15000,0.03,125.088425,0.9425,377,190,0.475
5,9,15000,0.04,122.09645,0.9375,375,189,0.4725
5,9,15000,0.05,122.4552,0.96,384,192,0.48
5,9,15000,0.06,120.9766,0.9625,385,196,0.49
5,9,20000,0.01,130.8531,0.825,330,191,0.4775
5,9,20000,0.02,124.129166,0.8975,359,200,0.5
5,9,20000,0.03,123.28238,0.935,374,190,0.475
5,9,20000,0.04,121.68888,0.935,374,189,0.4725
5,9,20000,0.05,121.22089,0.9525,381,192,0.48
5,9,20000,0.06,120.41243,0.9575,383,196,0.49
7,3,5000,0.01,29.42621,0.8525,341,268,0.67
7,3,5000,0.02,22.79311,0.87,348,286,0.715
7,3,5000,0.03,19.423862,0.8625,345,285,0.7125
7,3,5000,0.04,19.423862,0.8625,345,285,0.7125
7,3,5000,0.05,20.318764,0.865,346,285,0.7125
7,3,5000,0.06,22.865131,0.8725,349,285,0.7125
7,3,10000,0.01,29.42621,0.8525,341,268,0.67
7,3,10000,0.02,22.793112,0.87,348,286,0.715
7,3,10000,0.03,19.42386,0.8625,345,285,0.7125
7,3,10000,0.04,19.42386,0.8625,345,285,0.7125
7,3,10000,0.05,19.423862,0.8625,345,285,0.7125
7,3,10000,0.06,19.423862,0.8625,345,285,0.7125
7,3,15000,0.01,28.534605,0.85,340,268,0.67
7,3,15000,0.02,22.793112,0.87,348,286,0.715
7,3,15000,0.03,19.423862,0.8625,345,285,0.7125
7,3,15000,0.04,19.42386,0.8625,345,285,0.7125
7,3,15000,0.05,19.423862,0.8625,345,285,0.7125
7,3,15000,0.06,19.423862,0.8625,345,285,0.7125
7,3,20000,0.01,28.534601,0.85,340,268,0.67
7,3,20000,0.02,21.82963,0.8675,347,286,0.715
7,3,20000,0.03,19.423859,0.8625,345,285,0.7125
7,3,20000,0.04,19.423862,0.8625,345,285,0.7125
7,3,20000,0.05,19.42386,0.8625,345,285,0.7125
7,3,20000,0.06,19.42386,0.8625,345,285,0.7125
7,5,5000,0.01,27.78666,0.8825,353,280,0.7
7,5,5000,0.02,79.81214,0.9275,371,237,0.5925
7,5,5000,0.03,75.75343,0.9325,373,240,0.6
7,5,5000,0.04,73.177055,0.9325,373,242,0.605
7,5,5000,0.05,73.96052,0.935,374,242,0.605
7,5,5000,0.06,25.278414,0.935,374,295,0.7375
7,5,10000,0.01,27.786654,0.8825,353,280,0.7
7,5,10000,0.02,76.60255,0.9225,369,237,0.5925
7,5,10000,0.03,75.75343,0.9325,373,240,0.6
7,5,10000,0.04,72.36689,0.93,372,242,0.605
7,5,10000,0.05,71.54306,0.9275,371,242,0.605
7,5,10000,0.06,22.770447,0.9275,371,295,0.7375
7,5,15000,0.01,27.786655,0.8825,353,280,0.7
7,5,15000,0.02,76.60255,0.9225,369,237,0.5925
7,5,15000,0.03,74.6824,0.925,370,240,0.6
7,5,15000,0.04,72.01613,0.925,370,242,0.605
7,5,15000,0.05,70.93957,0.9225,369,242,0.605
7,5,15000,0.06,21.346605,0.92,368,295,0.7375
7,5,20000,0.01,26.068184,0.8775,351,280,0.7
7,5,20000,0.02,74.300705,0.915,366,237,0.5925
7,5,20000,0.03,73.22353,0.92,368,240,0.6
7,5,20000,0.04,71.47742,0.92,368,242,0.605
7,5,20000,0.05,70.36702,0.9175,367,242,0.605
7,5,20000,0.06,21.346607,0.92,368,295,0.7375
7,7,5000,0.01,10.613589,0.815,326,280,0.7
7,7,5000,0.02,93.62625,0.9125,365,225,0.5625
7,7,5000,0.03,114.78952,0.9575,383,213,0.5325
7,7,5000,0.04,84.72515,0.95,380,239,0.5975
7,7,5000,0.05,74.558014,0.9475,379,246,0.615
7,7,5000,0.06,72.041885,0.94,376,246,0.615
7,7,10000,0.01,10.613589,0.815,326,280,0.7
7,7,10000,0.02,93.62627,0.9125,365,225,0.5625
7,7,10000,0.03,114.12345,0.9525,381,213,0.5325
7,7,10000,0.04,78.19828,0.93,372,239,0.5975
7,7,10000,0.05,71.816986,0.9375,375,246,0.615
7,7,10000,0.06,71.37934,0.9375,375,246,0.615
7,7,15000,0.01,10.613589,0.815,326,280,0.7
7,7,15000,0.02,92.174095,0.9075,363,225,0.5625
7,7,15000,0.03,112.92223,0.9475,379,213,0.5325
7,7,15000,0.04,78.19829,0.93,372,239,0.5975
7,7,15000,0.05,71.60002,0.935,374,246,0.615
7,7,15000,0.06,71.37934,0.9375,375,246,0.615
7,7,20000,0.01,10.61359,0.815,326,280,0.7
7,7,20000,0.02,91.41622,0.905,362,225,0.5625
7,7,20000,0.03,110.39965,0.94,376,213,0.5325
7,7,20000,0.04,77.54471,0.9275,371,239,0.5975
7,7,20000,0.05,70.89744,0.93,372,246,0.615
7,7,20000,0.06,70.269585,0.9275,371,246,0.615
7,9,5000,0.01,13.485779,0.775,310,264,0.66
7,9,5000,0.02,78.35571,0.89,356,239,0.5975
7,9,5000,0.03,126.95667,0.945,378,211,0.5275
7,9,5000,0.04,125.242195,0.9475,379,212,0.53
7,9,5000,0.05,122.71595,0.945,378,213,0.5325
7,9,5000,0.06,118.595505,0.94,376,213,0.5325
7,9,10000,0.01,13.262163,0.7725,309,264,0.66
7,9,10000,0.02,76.508385,0.88,352,239,0.5975
7,9,10000,0.03,124.06681,0.9375,375,211,0.5275
7,9,10000,0.04,121.955284,0.9325,373,212,0.53
7,9,10000,0.05,120.534904,0.935,374,213,0.5325
7,9,10000,0.06,117.91965,0.9375,375,213,0.5325
7,9,15000,0.01,13.262161,0.7725,309,264,0.66
7,9,15000,0.02,76.508385,0.88,352,239,0.5975
7,9,15000,0.03,123.95824,0.9375,375,211,0.5275
7,9,15000,0.04,121.20285,0.93,372,212,0.53
7,9,15000,0.05,119.264595,0.93,372,213,0.5325
7,9,15000,0.06,117.91965,0.9375,375,213,0.5325
7,9,20000,0.01,13.262161,0.7725,309,264,0.66
7,9,20000,0.02,74.900505,0.875,350,239,0.5975
7,9,20000,0.03,121.61196,0.9275,371,211,0.5275
7,9,20000,0.04,120.04973,0.925,370,212,0.53
7,9,20000,0.05,118.669266,0.9275,371,213,0.5325
7,9,20000,0.06,117.91965,0.9375,375,213,0.5325
10,3,5000,0.01,27.582409,0.69,276,216,0.54
10,3,5000,0.02,40.110405,0.7225,289,210,0.525
10,3,5000,0.03,29.379803,0.6975,279,210,0.525
10,3,5000,0.04,29.143078,0.6975,279,210,0.525
10,3,5000,0.05,29.113035,0.6975,279,209,0.5225
10,3,5000,0.06,29.618523,0.7,280,209,0.5225
10,3,10000,0.01,26.805979,0.6875,275,216,0.54
10,3,10000,0.02,38.685932,0.7175,287,210,0.525
10,3,10000,0.03,28.618221,0.695,278,210,0.525
10,3,10000,0.04,28.380648,0.695,278,210,0.525
10,3,10000,0.05,28.350494,0.695,278,209,0.5225
10,3,10000,0.06,28.350494,0.695,278,209,0.5225
10,3,15000,0.01,26.80598,0.6875,275,216,0.54
10,3,15000,0.02,34.485573,0.7075,283,210,0.525
10,3,15000,0.03,28.618223,0.695,278,210,0.525
10,3,15000,0.04,28.380648,0.695,278,210,0.525
10,3,15000,0.05,28.350496,0.695,278,209,0.5225
10,3,15000,0.06,28.350496,0.695,278,209,0.5225
10,3,20000,0.01,26.419258,0.685,274,216,0.54
10,3,20000,0.02,28.319668,0.6925,277,210,0.525
10,3,20000,0.03,28.242233,0.6925,277,210,0.525
10,3,20000,0.04,28.003801,0.6925,277,210,0.525
10,3,20000,0.05,27.973541,0.6925,277,209,0.5225
10,3,20000,0.06,27.973543,0.6925,277,209,0.5225
10,5,5000,0.01,46.824722,0.7175,287,209,0.5225
10,5,5000,0.02,82.439384,0.7775,311,186,0.465
10,5,5000,0.03,42.208424,0.7875,315,225,0.5625
10,5,5000,0.04,41.947655,0.7925,317,225,0.5625
10,5,5000,0.05,41.069572,0.8,320,225,0.5625
10,5,5000,0.06,41.485912,0.7975,319,225,0.5625
10,5,10000,0.01,46.82472,0.7175,287,209,0.5225
10,5,10000,0.02,80.06442,0.77,308,186,0.465
10,5,10000,0.03,37.49955,0.7725,309,225,0.5625
10,5,10000,0.04,37.76038,0.7775,311,225,0.5625
10,5,10000,0.05,35.896088,0.7825,313,225,0.5625
10,5,10000,0.06,36.790634,0.7825,313,225,0.5625
10,5,15000,0.01,44.87379,0.7125,285,209,0.5225
10,5,15000,0.02,74.17463,0.7525,301,186,0.465
10,5,15000,0.03,33.99216,0.7625,305,225,0.5625
10,5,15000,0.04,36.13324,0.7725,309,225,0.5625
10,5,15000,0.05,35.501785,0.78,312,225,0.5625
10,5,15000,0.06,36.790638,0.7825,313,225,0.5625
10,5,20000,0.01,43.77048,0.71,284,209,0.5225
10,5,20000,0.02,73.22783,0.75,300,186,0.465
10,5,20000,0.03,33.99216,0.7625,305,225,0.5625
10,5,20000,0.04,34.24712,0.7675,307,225,0.5625
10,5,20000,0.05,35.17913,0.7775,311,225,0.5625
10,5,20000,0.06,36.790634,0.7825,313,225,0.5625
10,7,5000,0.01,17.738697,0.715,286,219,0.5475
10,7,5000,0.02,90.85512,0.8025,321,177,0.4425
10,7,5000,0.03,100.801476,0.8675,347,177,0.4425
10,7,5000,0.04,102.7999,0.875,350,175,0.4375
10,7,5000,0.05,99.792404,0.8775,351,177,0.4425
10,7,5000,0.06,95.47165,0.8625,345,180,0.45
10,7,10000,0.01,17.738697,0.715,286,219,0.5475
10,7,10000,0.02,88.776215,0.7925,317,177,0.4425
10,7,10000,0.03,94.74331,0.84,336,177,0.4425
10,7,10000,0.04,96.92738,0.8475,339,175,0.4375
10,7,10000,0.05,92.92112,0.845,338,177,0.4425
10,7,10000,0.06,90.536446,0.835,334,180,0.45
10,7,15000,0.01,17.738699,0.715,286,219,0.5475
10,7,15000,0.02,85.63216,0.7825,313,177,0.4425
10,7,15000,0.03,89.66252,0.8225,329,177,0.4425
10,7,15000,0.04,91.3955,0.8275,331,175,0.4375
10,7,15000,0.05,89.74909,0.83,332,177,0.4425
10,7,15000,0.06,88.94012,0.8275,331,180,0.45
10,7,20000,0.01,17.738697,0.715,286,219,0.5475
10,7,20000,0.02,84.55307,0.78,312,177,0.4425
10,7,20000,0.03,89.106186,0.815,326,177,0.4425
10,7,20000,0.04,89.57176,0.82,328,175,0.4375
10,7,20000,0.05,88.09359,0.82,328,177,0.4425
10,7,20000,0.06,88.170135,0.8225,329,180,0.45
10,9,5000,0.01,26.301392,0.7125,285,213,0.5325
10,9,5000,0.02,93.447266,0.8225,329,178,0.445
10,9,5000,0.03,117.98375,0.9075,363,180,0.45
10,9,5000,0.04,100.40691,0.9025,361,180,0.45
10,9,5000,0.05,94.64737,0.89,356,180,0.45
10,9,5000,0.06,95.84001,0.8825,353,180,0.45
10,9,10000,0.01,25.533987,0.71,284,213,0.5325
10,9,10000,0.02,89.00321,0.805,322,178,0.445
10,9,10000,0.03,113.75661,0.89,356,180,0.45
10,9,10000,0.04,94.73726,0.88,352,180,0.45
10,9,10000,0.05,92.35519,0.8775,351,180,0.45
10,9,10000,0.06,89.49647,0.8575,343,180,0.45
10,9,15000,0.01,25.533989,0.71,284,213,0.5325
10,9,15000,0.02,88.15574,0.8025,321,178,0.445
10,9,15000,0.03,110.57185,0.875,350,180,0.45
10,9,15000,0.04,90.18381,0.8575,343,180,0.45
10,9,15000,0.05,88.23945,0.855,342,180,0.45
10,9,15000,0.06,85.301056,0.835,334,180,0.45
10,9,20000,0.01,25.533987,0.71,284,213,0.5325
10,9,20000,0.02,86.26803,0.7975,319,178,0.445
10,9,20000,0.03,90.59264,0.8375,335,180,0.45
10,9,20000,0.04,87.796364,0.8475,339,180,0.45
10,9,20000,0.05,84.999435,0.8425,337,180,0.45
10,9,20000,0.06,82.59173,0.8225,329,180,0.45
15,3,5000,0.01,20.288536,0.4725,189,155,0.3875
15,3,5000,0.02,20.306425,0.4725,189,155,0.3875
15,3,5000,0.03,20.306423,0.4725,189,155,0.3875
15,3,5000,0.04,20.306425,0.4725,189,155,0.3875
15,3,5000,0.05,20.306425,0.4725,189,155,0.3875
15,3,5000,0.06,20.306423,0.4725,189,155,0.3875
15,3,10000,0.01,20.288536,0.4725,189,155,0.3875
15,3,10000,0.02,20.306425,0.4725,189,155,0.3875
15,3,10000,0.03,20.306423,0.4725,189,155,0.3875
15,3,10000,0.04,20.306425,0.4725,189,155,0.3875
15,3,10000,0.05,20.306423,0.4725,189,155,0.3875
15,3,10000,0.06,20.306423,0.4725,189,155,0.3875
15,3,15000,0.01,20.288536,0.4725,189,155,0.3875
15,3,15000,0.02,20.306423,0.4725,189,155,0.3875
15,3,15000,0.03,20.306425,0.4725,189,155,0.3875
15,3,15000,0.04,20.306425,0.4725,189,155,0.3875
15,3,15000,0.05,20.306423,0.4725,189,155,0.3875
15,3,15000,0.06,20.306425,0.4725,189,155,0.3875
15,3,20000,0.01,20.288536,0.4725,189,155,0.3875
15,3,20000,0.02,20.306423,0.4725,189,155,0.3875
15,3,20000,0.03,20.306423,0.4725,189,155,0.3875
15,3,20000,0.04,20.306423,0.4725,189,155,0.3875
15,3,20000,0.05,20.306423,0.4725,189,155,0.3875
15,3,20000,0.06,20.306423,0.4725,189,155,0.3875
15,5,5000,0.01,24.966513,0.495,198,158,0.395
15,5,5000,0.02,35.30614,0.5175,207,152,0.38
15,5,5000,0.03,31.288393,0.5125,205,151,0.3775
15,5,5000,0.04,34.08925,0.52,208,151,0.3775
15,5,5000,0.05,33.86635,0.52,208,151,0.3775
15,5,5000,0.06,33.581635,0.52,208,153,0.3825
15,5,10000,0.01,24.96651,0.495,198,158,0.395
15,5,10000,0.02,33.33465,0.5125,205,152,0.38
15,5,10000,0.03,31.288393,0.5125,205,151,0.3775
15,5,10000,0.04,30.972832,0.5125,205,151,0.3775
15,5,10000,0.05,29.731886,0.51,204,151,0.3775
15,5,10000,0.06,29.441591,0.51,204,153,0.3825
15,5,15000,0.01,23.321486,0.4925,197,158,0.395
15,5,15000,0.02,30.278126,0.5075,203,152,0.38
15,5,15000,0.03,29.731888,0.51,204,151,0.3775
15,5,15000,0.04,30.972832,0.5125,205,151,0.3775
15,5,15000,0.05,29.731888,0.51,204,151,0.3775
15,5,15000,0.06,29.441591,0.51,204,153,0.3825
15,5,20000,0.01,23.321487,0.4925,197,158,0.395
15,5,20000,0.02,30.278128,0.5075,203,152,0.38
15,5,20000,0.03,29.731884,0.51,204,151,0.3775
15,5,20000,0.04,30.972832,0.5125,205,151,0.3775
15,5,20000,0.05,29.731886,0.51,204,151,0.3775
15,5,20000,0.06,29.441591,0.51,204,153,0.3825
15,7,5000,0.01,25.111433,0.4975,199,156,0.39
15,7,5000,0.02,75.752396,0.575,230,149,0.3725
15,7,5000,0.03,58.542244,0.5975,239,160,0.4
15,7,5000,0.04,47.958366,0.595,238,161,0.4025
15,7,5000,0.05,47.8506,0.6,240,161,0.4025
15,7,5000,0.06,47.733032,0.5925,237,161,0.4025
15,7,10000,0.01,25.111433,0.4975,199,156,0.39
15,7,10000,0.02,69.23085,0.56,224,149,0.3725
15,7,10000,0.03,38.369453,0.5625,225,160,0.4
15,7,10000,0.04,37.041126,0.57,228,161,0.4025
15,7,10000,0.05,38.97314,0.5725,229,161,0.4025
15,7,10000,0.06,39.818222,0.5725,229,161,0.4025
15,7,15000,0.01,25.111433,0.4975,199,156,0.39
15,7,15000,0.02,67.96413,0.5575,223,149,0.3725
15,7,15000,0.03,36.21418,0.5575,223,160,0.4
15,7,15000,0.04,34.9027,0.565,226,161,0.4025
15,7,15000,0.05,36.861156,0.5675,227,161,0.4025
15,7,15000,0.06,37.577442,0.565,226,161,0.4025
15,7,20000,0.01,25.111437,0.4975,199,156,0.39
15,7,20000,0.02,67.96413,0.5575,223,149,0.3725
15,7,20000,0.03,35.01972,0.555,222,160,0.4
15,7,20000,0.04,34.902706,0.565,226,161,0.4025
15,7,20000,0.05,35.763535,0.565,226,161,0.4025
15,7,20000,0.06,36.47813,0.5625,225,161,0.4025
15,9,5000,0.01,22.191187,0.49,196,153,0.3825
15,9,5000,0.02,67.19358,0.6175,247,158,0.395
15,9,5000,0.03,112.48404,0.6775,271,147,0.3675
15,9,5000,0.04,102.59017,0.705,282,153,0.3825
15,9,5000,0.05,59.688614,0.685,274,165,0.4125
15,9,5000,0.06,52.06378,0.67,268,166,0.415
15,9,10000,0.01,20.585648,0.485,194,153,0.3825
15,9,10000,0.02,54.13091,0.58,232,158,0.395
15,9,10000,0.03,99.65912,0.635,254,147,0.3675
15,9,10000,0.04,85.5555,0.65,260,153,0.3825
15,9,10000,0.05,47.30415,0.6475,259,165,0.4125
15,9,10000,0.06,40.78354,0.6375,255,166,0.415
15,9,15000,0.01,20.585648,0.485,194,153,0.3825
15,9,15000,0.02,48.160965,0.5675,227,158,0.395
15,9,15000,0.03,94.516556,0.62,248,147,0.3675
15,9,15000,0.04,82.171104,0.64,256,153,0.3825
15,9,15000,0.05,41.221344,0.63,252,165,0.4125
15,9,15000,0.06,37.98323,0.625,250,166,0.415
15,9,20000,0.01,20.585648,0.485,194,153,0.3825
15,9,20000,0.02,45.363735,0.5625,225,158,0.395
15,9,20000,0.03,90.28383,0.6075,243,147,0.3675
15,9,20000,0.04,63.318756,0.6025,241,153,0.3825
15,9,20000,0.05,36.883106,0.615,246,165,0.4125
15,9,20000,0.06,36.28539,0.62,248,166,0.415
20,3,5000,0.01,18.329792,0.295,118,108,0.27
20,3,5000,0.02,18.329792,0.295,118,108,0.27
20,3,5000,0.03,18.329792,0.295,118,108,0.27
20,3,5000,0.04,18.329792,0.295,118,108,0.27
20,3,5000,0.05,18.329792,0.295,118,108,0.27
20,3,5000,0.06,18.329792,0.295,118,108,0.27
20,3,10000,0.01,18.329792,0.295,118,108,0.27
20,3,10000,0.02,18.329792,0.295,118,108,0.27
20,3,10000,0.03,18.329792,0.295,118,108,0.27
20,3,10000,0.04,18.329792,0.295,118,108,0.27
20,3,10000,0.05,18.329794,0.295,118,108,0.27
20,3,10000,0.06,18.329792,0.295,118,108,0.27
20,3,15000,0.01,18.329794,0.295,118,108,0.27
20,3,15000,0.02,18.329792,0.295,118,108,0.27
20,3,15000,0.03,18.329792,0.295,118,108,0.27
20,3,15000,0.04,18.329792,0.295,118,108,0.27
20,3,15000,0.05,18.329794,0.295,118,108,0.27
20,3,15000,0.06,18.329792,0.295,118,108,0.27
20,3,20000,0.01,18.329792,0.295,118,108,0.27
20,3,20000,0.02,18.329792,0.295,118,108,0.27
20,3,20000,0.03,18.329792,0.295,118,108,0.27
20,3,20000,0.04,18.329792,0.295,118,108,0.27
20,3,20000,0.05,18.329792,0.295,118,108,0.27
20,3,20000,0.06,18.329792,0.295,118,108,0.27
20,5,5000,0.01,32.735542,0.335,134,109,0.2725
20,5,5000,0.02,32.73981,0.335,134,109,0.2725
20,5,5000,0.03,34.184612,0.3375,135,109,0.2725
20,5,5000,0.04,34.18461,0.3375,135,109,0.2725
20,5,5000,0.05,34.18461,0.3375,135,109,0.2725
20,5,5000,0.06,36.074753,0.3425,137,109,0.2725
20,5,10000,0.01,32.735542,0.335,134,109,0.2725
20,5,10000,0.02,32.739807,0.335,134,109,0.2725
20,5,10000,0.03,34.184612,0.3375,135,109,0.2725
20,5,10000,0.04,34.184612,0.3375,135,109,0.2725
20,5,10000,0.05,34.184612,0.3375,135,109,0.2725
20,5,10000,0.06,34.18461,0.3375,135,109,0.2725
20,5,15000,0.01,32.735542,0.335,134,109,0.2725
20,5,15000,0.02,32.739807,0.335,134,109,0.2725
20,5,15000,0.03,34.184612,0.3375,135,109,0.2725
20,5,15000,0.04,34.184612,0.3375,135,109,0.2725
20,5,15000,0.05,34.184612,0.3375,135,109,0.2725
20,5,15000,0.06,34.18461,0.3375,135,109,0.2725
20,5,20000,0.01,32.735542,0.335,134,109,0.2725
20,5,20000,0.02,32.739807,0.335,134,109,0.2725
20,5,20000,0.03,34.184612,0.3375,135,109,0.2725
20,5,20000,0.04,34.184612,0.3375,135,109,0.2725
20,5,20000,0.05,34.184612,0.3375,135,109,0.2725
20,5,20000,0.06,34.184612,0.3375,135,109,0.2725
20,7,5000,0.01,32.540318,0.35,140,109,0.2725
20,7,5000,0.02,41.931866,0.365,146,108,0.27
20,7,5000,0.03,40.92005,0.3675,147,108,0.27
20,7,5000,0.04,41.56049,0.3725,149,108,0.27
20,7,5000,0.05,42.551334,0.3775,151,108,0.27
20,7,5000,0.06,44.15986,0.38,152,108,0.27
20,7,10000,0.01,32.540318,0.35,140,109,0.2725
20,7,10000,0.02,36.97388,0.3575,143,108,0.27
20,7,10000,0.03,37.36587,0.3625,145,108,0.27
20,7,10000,0.04,37.979122,0.365,146,108,0.27
20,7,10000,0.05,38.094975,0.3675,147,108,0.27
20,7,10000,0.06,40.395702,0.3725,149,108,0.27
20,7,15000,0.01,32.540318,0.35,140,109,0.2725
20,7,15000,0.02,36.97388,0.3575,143,108,0.27
20,7,15000,0.03,37.36588,0.3625,145,108,0.27
20,7,15000,0.04,37.979122,0.365,146,108,0.27
20,7,15000,0.05,37.829285,0.365,146,108,0.27
20,7,15000,0.06,37.829285,0.365,146,108,0.27
20,7,20000,0.01,32.540318,0.35,140,109,0.2725
20,7,20000,0.02,34.489555,0.355,142,108,0.27
20,7,20000,0.03,37.36587,0.3625,145,108,0.27
20,7,20000,0.04,37.36588,0.3625,145,108,0.27
20,7,20000,0.05,37.829285,0.365,146,108,0.27
20,7,20000,0.06,37.82928,0.365,146,108,0.27
20,9,5000,0.01,33.090836,0.355,142,108,0.27
20,9,5000,0.02,93.458405,0.4475,179,110,0.275
20,9,5000,0.03,124.92759,0.5075,203,111,0.2775
20,9,5000,0.04,163.65123,0.5325,213,113,0.2825
20,9,5000,0.05,72.525894,0.45,180,113,0.2825
20,9,5000,0.06,58.38439,0.4325,173,113,0.2825
20,9,10000,0.01,28.952677,0.35,140,108,0.27
20,9,10000,0.02,73.59079,0.41,164,110,0.275
20,9,10000,0.03,67.8737,0.4175,167,111,0.2775
20,9,10000,0.04,152.40158,0.49,196,113,0.2825
20,9,10000,0.05,43.909008,0.395,158,113,0.2825
20,9,10000,0.06,39.128365,0.3925,157,113,0.2825
20,9,15000,0.01,28.952677,0.35,140,108,0.27
20,9,15000,0.02,67.851105,0.4025,161,110,0.275
20,9,15000,0.03,58.16611,0.4075,163,111,0.2775
20,9,15000,0.04,47.48375,0.4025,161,113,0.2825
20,9,15000,0.05,38.484997,0.39,156,113,0.2825
20,9,15000,0.06,37.946457,0.39,156,113,0.2825
20,9,20000,0.01,28.952675,0.35,140,108,0.27
20,9,20000,0.02,49.205482,0.385,154,110,0.275
20,9,20000,0.03,48.841537,0.3925,157,111,0.2775
20,9,20000,0.04,40.565624,0.39,156,113,0.2825
20,9,20000,0.05,37.112896,0.3875,155,113,0.2825
20,9,20000,0.06,36.570885,0.3875,155,113,0.2825