Threshold,Morph_Kernel,Close_Iter,Open_Iter,Avg_Loss,Success_Rate,Successful,Good_Detections,Good_Rate
20,3,1,1,600,0,0,0,0
20,3,1,2,600,0,0,0,0
20,3,1,3,600,0,0,0,0
20,3,1,4,600,0,0,0,0
20,3,2,1,600,0,0,0,0
20,3,2,2,600,0,0,0,0
20,3,2,3,600,0,0,0,0
20,3,2,4,600,0,0,0,0
20,3,3,1,21.492313,0.0175,7,2,0.005
20,3,3,2,600,0,0,0,0
20,3,3,3,600,0,0,0,0
20,3,3,4,600,0,0,0,0
20,3,4,1,24.545837,0.0475,19,14,0.035
20,3,4,2,600,0,0,0,0
20,3,4,3,600,0,0,0,0
20,3,4,4,600,0,0,0,0
20,5,1,1,600,0,0,0,0
20,5,1,2,600,0,0,0,0
20,5,1,3,600,0,0,0,0
20,5,1,4,600,0,0,0,0
20,5,2,1,600,0,0,0,0
20,5,2,2,600,0,0,0,0
20,5,2,3,600,0,0,0,0
20,5,2,4,600,0,0,0,0
20,5,3,1,600,0,0,0,0
20,5,3,2,600,0,0,0,0
20,5,3,3,600,0,0,0,0
20,5,3,4,600,0,0,0,0
20,5,4,1,47.569626,0.0125,5,3,0.0075
20,5,4,2,142.31924,0.0025,1,0,0
20,5,4,3,600,0,0,0,0
20,5,4,4,600,0,0,0,0
20,7,1,1,600,0,0,0,0
20,7,1,2,600,0,0,0,0
20,7,1,3,600,0,0,0,0
20,7,1,4,600,0,0,0,0
20,7,2,1,600,0,0,0,0
20,7,2,2,600,0,0,0,0
20,7,2,3,600,0,0,0,0
20,7,2,4,600,0,0,0,0
20,7,3,1,600,0,0,0,0
20,7,3,2,600,0,0,0,0
20,7,3,3,600,0,0,0,0
20,7,3,4,600,0,0,0,0
20,7,4,1,142.08759,0.0075,3,0,0
20,7,4,2,187.90115,0.0025,1,0,0
20,7,4,3,188.85046,0.0025,1,0,0
20,7,4,4,188.85046,0.0025,1,0,0
20,9,1,1,600,0,0,0,0
20,9,1,2,600,0,0,0,0
20,9,1,3,600,0,0,0,0
20,9,1,4,600,0,0,0,0
20,9,2,1,600,0,0,0,0
20,9,2,2,600,0,0,0,0
20,9,2,3,600,0,0,0,0
20,9,2,4,600,0,0,0,0
20,9,3,1,148.87498,0.0025,1,0,0
20,9,3,2,189.14322,0.0025,1,0,0
20,9,3,3,189.14322,0.0025,1,0,0
20,9,3,4,600,0,0,0,0
20,9,4,1,146.82153,0.0075,3,0,0
20,9,4,2,186.57487,0.0025,1,0,0
20,9,4,3,186.57487,0.0025,1,0,0
20,9,4,4,192.20685,0.0025,1,0,0
25,3,1,1,19.77864,0.95,380,355,0.8875
25,3,1,2,17.947763,0.95,380,359,0.8975
25,3,1,3,16.861387,0.94,376,358,0.895
25,3,1,4,16.720362,0.8525,341,327,0.8175
25,3,2,1,34.784275,0.9525,381,342,0.855
25,3,2,2,31.535574,0.9525,381,343,0.8575
25,3,2,3,28.263844,0.9425,377,341,0.8525
25,3,2,4,27.658436,0.8525,341,309,0.7725
25,3,3,1,38.944427,0.9525,381,340,0.85
25,3,3,2,38.711567,0.9525,381,340,0.85
25,3,3,3,33.678284,0.9425,377,338,0.845
25,3,3,4,40.395245,0.865,346,304,0.76
25,3,4,1,39.96921,0.9525,381,338,0.845
25,3,4,2,39.900024,0.9525,381,338,0.845
25,3,4,3,40.428593,0.9425,377,334,0.835
25,3,4,4,43.088066,0.865,346,303,0.7575
25,5,1,1,25.585135,0.9475,379,347,0.8675
25,5,1,2,27.159267,0.8125,325,295,0.7375
25,5,1,3,26.353292,0.525,210,189,0.4725
25,5,1,4,38.785774,0.22,88,70,0.175
25,5,2,1,34.881744,0.95,380,340,0.85
25,5,2,2,43.17097,0.8275,331,288,0.72
25,5,2,3,72.46896,0.565,226,178,0.445
25,5,2,4,141.59196,0.2975,119,71,0.1775
25,5,3,1,40.543987,0.95,380,337,0.8425
25,5,3,2,44.98672,0.8275,331,288,0.72
25,5,3,3,74.72187,0.57,228,178,0.445
25,5,3,4,131.82123,0.31,124,71,0.1775
25,5,4,1,54.811825,0.95,380,332,0.83
25,5,4,2,50.613205,0.83,332,286,0.715
25,5,4,3,72.43509,0.5725,229,179,0.4475
25,5,4,4,127.64749,0.335,134,72,0.18
25,7,1,1,23.02969,0.87,348,321,0.8025
25,7,1,2,31.324802,0.465,186,163,0.4075
25,7,1,3,80.92947,0.095,38,23,0.0575
25,7,1,4,167.34285,0.0075,3,0,0
25,7,2,1,37.247036,0.875,350,310,0.775
25,7,2,2,82.17235,0.5075,203,155,0.3875
25,7,2,3,261.65216,0.1875,75,24,0.06
25,7,2,4,459.96365,0.12,48,0,0
25,7,3,1,40.129505,0.875,350,309,0.7725
25,7,3,2,83.75043,0.5175,207,154,0.385
25,7,3,3,223.82208,0.21,84,28,0.07
25,7,3,4,397.69785,0.135,54,0,0
25,7,4,1,44.216934,0.875,350,306,0.765
25,7,4,2,83.595566,0.5225,209,156,0.39
25,7,4,3,215.46504,0.225,90,30,0.075
25,7,4,4,364.09045,0.145,58,0,0
25,9,1,1,26.23832,0.705,282,255,0.6375
25,9,1,2,71.817795,0.1575,63,42,0.105
25,9,1,3,176.02643,0.0075,3,0,0
25,9,1,4,600,0,0,0,0
25,9,2,1,49.36935,0.73,292,250,0.625
25,9,2,2,190.97714,0.235,94,42,0.105
25,9,2,3,464.37067,0.115,46,0,0
25,9,2,4,507.92294,0.105,42,0,0
25,9,3,1,51.57398,0.73,292,248,0.62
25,9,3,2,180.71861,0.26,104,44,0.11
25,9,3,3,396.31973,0.14,56,0,0
25,9,3,4,438.1821,0.135,54,0,0
25,9,4,1,53.09903,0.7375,295,248,0.62
25,9,4,2,174.7043,0.2775,111,45,0.1125
25,9,4,3,363.44583,0.1475,59,0,0
25,9,4,4,381.4758,0.1425,57,0,0
30,3,1,1,55.782207,0.9525,381,331,0.8275
30,3,1,2,54.27695,0.9525,381,333,0.8325
30,3,1,3,53.967064,0.9525,381,334,0.835
30,3,1,4,43.72078,0.885,354,311,0.7775
30,3,2,1,57.68786,0.9525,381,331,0.8275
30,3,2,2,57.635437,0.9525,381,331,0.8275
30,3,2,3,57.562622,0.9525,381,331,0.8275
30,3,2,4,60.247284,0.885,354,304,0.76
30,3,3,1,57.710903,0.9525,381,330,0.825
30,3,3,2,57.635437,0.9525,381,331,0.8275
30,3,3,3,57.56262,0.9525,381,331,0.8275
30,3,3,4,61.278095,0.885,354,304,0.76
30,3,4,1,57.69816,0.9525,381,331,0.8275
30,3,4,2,57.651863,0.9525,381,330,0.825
30,3,4,3,57.56262,0.9525,381,331,0.8275
30,3,4,4,61.2781,0.885,354,304,0.76
30,5,1,1,56.531044,0.9525,381,331,0.8275
30,5,1,2,61.95332,0.855,342,293,0.7325
30,5,1,3,81.460884,0.6175,247,198,0.495
30,5,1,4,143.39804,0.335,134,84,0.21
30,5,2,1,58.003567,0.9525,381,330,0.825
30,5,2,2,63.50205,0.855,342,292,0.73
30,5,2,3,83.26617,0.625,250,199,0.4975
30,5,2,4,140.0598,0.3475,139,88,0.22
30,5,3,1,58.179237,0.9525,381,330,0.825
30,5,3,2,63.60929,0.855,342,291,0.7275
30,5,3,3,82.98156,0.63,252,199,0.4975
30,5,3,4,134.0001,0.3675,147,91,0.2275
30,5,4,1,58.19202,0.9525,381,330,0.825
30,5,4,2,63.71259,0.855,342,291,0.7275
30,5,4,3,82.51978,0.6325,253,201,0.5025
30,5,4,4,130.32408,0.3875,155,93,0.2325
30,7,1,1,59.47207,0.9,360,310,0.775
30,7,1,2,87.96076,0.5525,221,172,0.43
30,7,1,3,207.85965,0.215,86,36,0.09
30,7,1,4,400.30087,0.1275,51,1,0.0025
30,7,2,1,61.295784,0.9,360,309,0.7725
30,7,2,2,91.08528,0.5675,227,175,0.4375
30,7,2,3,207.57196,0.235,94,37,0.0925
30,7,2,4,337.7532,0.14,56,2,0.005
30,7,3,1,61.383404,0.9,360,309,0.7725
30,7,3,2,89.560295,0.58,232,178,0.445
30,7,3,3,197.44391,0.255,102,38,0.095
30,7,3,4,314.3396,0.1575,63,2,0.005
30,7,4,1,61.480343,0.9,360,309,0.7725
30,7,4,2,88.82143,0.5875,235,180,0.45
30,7,4,3,185.30495,0.28,112,42,0.105
30,7,4,4,302.89813,0.1725,69,2,0.005
30,9,1,1,66.85523,0.7875,315,265,0.6625
30,9,1,2,169.9783,0.27,108,57,0.1425
30,9,1,3,340.00415,0.1275,51,0,0
30,9,1,4,345.78125,0.125,50,0,0
30,9,2,1,67.763054,0.7875,315,265,0.6625
30,9,2,2,162.57236,0.3025,121,60,0.15
30,9,2,3,324.78378,0.145,58,0,0
30,9,2,4,330.92056,0.1375,55,0,0
30,9,3,1,69.01039,0.79,316,264,0.66
30,9,3,2,155.55489,0.33,132,62,0.155
30,9,3,3,315.93365,0.1625,65,0,0
30,9,3,4,323.19714,0.15,60,0,0
30,9,4,1,68.84456,0.795,318,265,0.6625
30,9,4,2,151.85118,0.3525,141,63,0.1575
30,9,4,3,291.79605,0.1925,77,0,0
30,9,4,4,305.12323,0.1725,69,0,0
35,3,1,1,57.64402,0.955,382,331,0.8275
35,3,1,2,57.476746,0.955,382,331,0.8275
35,3,1,3,57.312935,0.955,382,332,0.83
35,3,1,4,60.579605,0.895,358,308,0.77
35,3,2,1,57.278564,0.9525,381,331,0.8275
35,3,2,2,57.167526,0.9525,381,331,0.8275
35,3,2,3,57.490356,0.955,382,331,0.8275
35,3,2,4,60.768204,0.895,358,307,0.7675
35,3,3,1,55.807316,0.945,378,331,0.8275
35,3,3,2,56.254345,0.9475,379,331,0.8275
35,3,3,3,56.17597,0.9475,379,331,0.8275
35,3,3,4,59.941097,0.89,356,307,0.7675
35,3,4,1,54.871952,0.94,376,331,0.8275
35,3,4,2,54.823803,0.94,376,331,0.8275
35,3,4,3,54.742878,0.94,376,331,0.8275
35,3,4,4,57.888992,0.88,352,307,0.7675
35,5,1,1,57.872868,0.955,382,331,0.8275
35,5,1,2,62.071205,0.875,350,300,0.75
35,5,1,3,79.25757,0.66,264,213,0.5325
35,5,1,4,129.75703,0.3775,151,100,0.25
35,5,2,1,57.515255,0.9525,381,331,0.8275
35,5,2,2,62.178608,0.8775,351,300,0.75
35,5,2,3,78.63164,0.6675,267,214,0.535
35,5,2,4,125.01291,0.395,158,105,0.2625
35,5,3,1,57.033657,0.9475,379,330,0.825
35,5,3,2,60.702675,0.87,348,300,0.75
35,5,3,3,77.56498,0.6625,265,215,0.5375
35,5,3,4,118.24565,0.42,168,109,0.2725
35,5,4,1,55.63857,0.94,376,328,0.82
35,5,4,2,60.82719,0.8675,347,298,0.745
35,5,4,3,76.870346,0.66,264,214,0.535
35,5,4,4,113.69488,0.425,170,113,0.2825
35,7,1,1,59.561382,0.9275,371,321,0.8025
35,7,1,2,86.05303,0.605,242,190,0.475
35,7,1,3,189.10307,0.255,102,50,0.125
35,7,1,4,332.37564,0.1375,55,5,0.0125
35,7,2,1,59.670517,0.93,372,321,0.8025
35,7,2,2,84.82703,0.6175,247,193,0.4825
35,7,2,3,174.55104,0.2825,113,52,0.13
35,7,2,4,301.05997,0.16,64,6,0.015
35,7,3,1,59.528515,0.9325,373,322,0.805
35,7,3,2,84.4122,0.6225,249,194,0.485
35,7,3,3,169.12027,0.305,122,55,0.1375
35,7,3,4,274.9413,0.1875,75,7,0.0175
35,7,4,1,59.57141,0.93,372,321,0.8025
35,7,4,2,83.7792,0.6275,251,195,0.4875
35,7,4,3,157.92603,0.3375,135,59,0.1475
35,7,4,4,264.10785,0.21,84,7,0.0175
35,9,1,1,66.5137,0.8225,329,278,0.695
35,9,1,2,156.46254,0.3175,127,71,0.1775
35,9,1,3,350.44452,0.13,52,2,0.005
35,9,1,4,363.9946,0.125,50,0,0
35,9,2,1,66.399216,0.825,330,279,0.6975
35,9,2,2,147.88094,0.345,138,75,0.1875
35,9,2,3,300.59555,0.1625,65,4,0.01
35,9,2,4,336.3306,0.145,58,0,0
35,9,3,1,66.78215,0.8275,331,279,0.6975
35,9,3,2,139.56358,0.37,148,80,0.2
35,9,3,3,274.71158,0.1975,79,5,0.0125
35,9,3,4,318.07678,0.1675,67,0,0
35,9,4,1,67.06213,0.8275,331,278,0.695
35,9,4,2,138.80574,0.3875,155,79,0.1975
35,9,4,3,257.7022,0.2275,91,6,0.015
35,9,4,4,293.606,0.2,80,0,0
40,3,1,1,54.681824,0.94,376,331,0.8275
40,3,1,2,56.02284,0.9475,379,331,0.8275
40,3,1,3,56.846497,0.9525,381,331,0.8275
40,3,1,4,59.65094,0.9,360,310,0.775
40,3,2,1,50.36336,0.925,370,330,0.825
40,3,2,2,51.14313,0.9275,371,331,0.8275
40,3,2,3,53.435814,0.935,374,331,0.8275
40,3,2,4,56.094448,0.8825,353,310,0.775
40,3,3,1,42.310337,0.9,360,327,0.8175
40,3,3,2,41.58801,0.9,360,331,0.8275
40,3,3,3,43.573257,0.905,362,331,0.8275
40,3,3,4,46.6848,0.855,342,310,0.775
40,3,4,1,33.50872,0.875,350,325,0.8125
40,3,4,2,34.940063,0.88,352,326,0.815
40,3,4,3,35.301117,0.8825,353,327,0.8175
40,3,4,4,36.84331,0.83,332,308,0.77
40,5,1,1,53.96862,0.935,374,331,0.8275
40,5,1,2,57.86457,0.87,348,304,0.76
40,5,1,3,72.96199,0.675,270,223,0.5575
40,5,1,4,119.31593,0.385,154,108,0.27
40,5,2,1,53.88044,0.9325,373,327,0.8175
40,5,2,2,56.48421,0.8675,347,304,0.76
40,5,2,3,71.44198,0.67,268,223,0.5575
40,5,2,4,108.95477,0.4175,167,120,0.3
40,5,3,1,46.597515,0.91,364,326,0.815
40,5,3,2,49.240433,0.845,338,301,0.7525
40,5,3,3,65.33828,0.655,262,222,0.555
40,5,3,4,100.45025,0.4225,169,122,0.305
40,5,4,1,42.182735,0.895,358,322,0.805
40,5,4,2,44.68436,0.8325,333,299,0.7475
40,5,4,3,57.853287,0.6525,261,223,0.5575
40,5,4,4,93.63448,0.435,174,126,0.315
40,7,1,1,55.995308,0.9275,371,326,0.815
40,7,1,2,78.68512,0.6225,249,202,0.505
40,7,1,3,176.9215,0.2525,101,54,0.135
40,7,1,4,318.40338,0.1425,57,5,0.0125
40,7,2,1,55.73313,0.9225,369,322,0.805
40,7,2,2,77.72329,0.6175,247,203,0.5075
40,7,2,3,159.32799,0.2875,115,58,0.145
40,7,2,4,280.3875,0.17,68,6,0.015
40,7,3,1,55.672615,0.925,370,322,0.805
40,7,3,2,76.99507,0.6325,253,202,0.505
40,7,3,3,151.60704,0.32,128,60,0.15
40,7,3,4,260.561,0.1975,79,8,0.02
40,7,4,1,55.956146,0.9225,369,317,0.7925
40,7,4,2,75.48361,0.6525,261,202,0.505
40,7,4,3,141.78877,0.3475,139,66,0.165
40,7,4,4,237.02385,0.245,98,9,0.0225
40,9,1,1,62.1985,0.825,330,284,0.71
40,9,1,2,137.47206,0.335,134,83,0.2075
40,9,1,3,312.66473,0.1475,59,5,0.0125
40,9,1,4,354.41333,0.135,54,0,0
40,9,2,1,61.917393,0.8225,329,280,0.7
40,9,2,2,128.8039,0.3625,145,87,0.2175
40,9,2,3,273.59137,0.1825,73,7,0.0175
40,9,2,4,317.9552,0.1625,65,0,0
40,9,3,1,62.212772,0.8225,329,279,0.6975
40,9,3,2,121.702065,0.4,160,88,0.22
40,9,3,3,255.22011,0.2225,89,8,0.02
40,9,3,4,296.48434,0.195,78,1,0.0025
40,9,4,1,64.19374,0.825,330,278,0.695
40,9,4,2,119.04014,0.43,172,94,0.235
40,9,4,3,232.39659,0.27,108,12,0.03
40,9,4,4,266.27295,0.245,98,2,0.005
50,3,1,1,16.113714,0.83,332,320,0.8
50,3,1,2,13.982034,0.83,332,323,0.8075
50,3,1,3,19.536047,0.8425,337,324,0.81
50,3,1,4,24.508398,0.8225,329,314,0.785
50,3,2,1,19.642931,0.83,332,314,0.785
50,3,2,2,19.196371,0.83,332,315,0.7875
50,3,2,3,17.911964,0.83,332,317,0.7925
50,3,2,4,16.991198,0.805,322,309,0.7725
50,3,3,1,20.772001,0.83,332,309,0.7725
50,3,3,2,20.478287,0.83,332,312,0.78
50,3,3,3,20.123772,0.83,332,313,0.7825
50,3,3,4,19.171598,0.805,322,305,0.7625
50,3,4,1,23.502172,0.8325,333,308,0.77
50,3,4,2,21.555834,0.83,332,309,0.7725
50,3,4,3,20.89703,0.83,332,311,0.7775
50,3,4,4,21.168669,0.8075,323,302,0.755
50,5,1,1,17.969324,0.83,332,317,0.7925
50,5,1,2,14.925705,0.785,314,304,0.76
50,5,1,3,21.692747,0.59,236,225,0.5625
50,5,1,4,43.904896,0.34,136,119,0.2975
50,5,2,1,20.16784,0.83,332,314,0.785
50,5,2,2,20.56161,0.7875,315,297,0.7425
50,5,2,3,23.344658,0.585,234,217,0.5425
50,5,2,4,33.78313,0.37,148,129,0.3225
50,5,3,1,33.570793,0.835,334,307,0.7675
50,5,3,2,34.158836,0.7975,319,292,0.73
50,5,3,3,48.905518,0.6225,249,217,0.5425
50,5,3,4,90.198105,0.4475,179,135,0.3375
50,5,4,1,36.531017,0.835,334,303,0.7575
50,5,4,2,37.10578,0.7975,319,290,0.725
50,5,4,3,49.784805,0.6325,253,217,0.5425
50,5,4,4,85.36641,0.475,190,139,0.3475
50,7,1,1,18.131454,0.83,332,318,0.795
50,7,1,2,24.122347,0.5725,229,215,0.5375
50,7,1,3,81.148636,0.225,90,67,0.1675
50,7,1,4,267.36392,0.135,54,6,0.015
50,7,2,1,21.454597,0.83,332,313,0.7825
50,7,2,2,28.381172,0.58,232,211,0.5275
50,7,2,3,65.11881,0.2725,109,79,0.1975
50,7,2,4,181.37643,0.17,68,15,0.0375
50,7,3,1,35.12092,0.835,334,305,0.7625
50,7,3,2,49.170536,0.62,248,211,0.5275
50,7,3,3,134.54407,0.38,152,87,0.2175
50,7,3,4,144.06386,0.215,86,21,0.0525
50,7,4,1,39.172874,0.835,334,301,0.7525
50,7,4,2,50.586704,0.6325,253,211,0.5275
50,7,4,3,116.010864,0.4125,165,97,0.2425
50,7,4,4,215.58752,0.335,134,24,0.06
50,9,1,1,19.765009,0.745,298,284,0.71
50,9,1,2,44.802032,0.3225,129,107,0.2675
50,9,1,3,254.21074,0.135,54,8,0.02
50,9,1,4,312.2983,0.14,56,0,0
50,9,2,1,24.151772,0.75,300,279,0.6975
50,9,2,2,50.36358,0.375,150,112,0.28
50,9,2,3,187.22809,0.1875,75,12,0.03
50,9,2,4,254.10239,0.1775,71,3,0.0075
50,9,3,1,38.178402,0.7625,305,276,0.69
50,9,3,2,98.70225,0.4575,183,122,0.305
50,9,3,3,238.07297,0.335,134,17,0.0425
50,9,3,4,217.09807,0.2225,89,3,0.0075
50,9,4,1,45.18676,0.775,310,271,0.6775
50,9,4,2,94.192726,0.4725,189,127,0.3175
50,9,4,3,212.37625,0.3675,147,21,0.0525
50,9,4,4,265.6196,0.36,144,4,0.01
60,3,1,1,37.260548,0.8375,335,303,0.7575
60,3,1,2,36.56153,0.8375,335,304,0.76
60,3,1,3,34.382126,0.8375,335,305,0.7625
60,3,1,4,34.365063,0.8175,327,298,0.745
60,3,2,1,39.993187,0.8375,335,298,0.745
60,3,2,2,38.764988,0.8375,335,301,0.7525
60,3,2,3,37.697277,0.8375,335,303,0.7575
60,3,2,4,37.2491,0.82,328,297,0.7425
60,3,3,1,44.809986,0.8375,335,290,0.725
60,3,3,2,43.036697,0.8375,335,292,0.73
60,3,3,3,42.222412,0.8375,335,292,0.73
60,3,3,4,41.776115,0.82,328,288,0.72
60,3,4,1,47.701473,0.8375,335,279,0.6975
60,3,4,2,45.372845,0.8375,335,286,0.715
60,3,4,3,44.923065,0.8375,335,287,0.7175
60,3,4,4,45.940674,0.82,328,281,0.7025
60,5,1,1,39.64166,0.835,334,300,0.75
60,5,1,2,36.98759,0.8075,323,292,0.73
60,5,1,3,48.546944,0.6425,257,224,0.56
60,5,1,4,98.11691,0.43,172,123,0.3075
60,5,2,1,45.298046,0.835,334,289,0.7225
60,5,2,2,42.129326,0.8125,325,288,0.72
60,5,2,3,54.967667,0.6525,261,220,0.55
60,5,2,4,93.5863,0.4575,183,130,0.325
60,5,3,1,47.223217,0.835,334,283,0.7075
60,5,3,2,46.549564,0.815,326,283,0.7075
60,5,3,3,56.760315,0.665,266,218,0.545
60,5,3,4,88.77284,0.4925,197,135,0.3375
60,5,4,1,61.85371,0.835,334,276,0.69
60,5,4,2,48.175694,0.815,326,276,0.69
60,5,4,3,57.27633,0.6775,271,218,0.545
60,5,4,4,85.45805,0.515,206,137,0.3425
60,7,1,1,39.102634,0.835,334,301,0.7525
60,7,1,2,54.121918,0.625,250,213,0.5325
60,7,1,3,131.4968,0.35,140,80,0.2
60,7,1,4,291.29843,0.2025,81,8,0.02
60,7,2,1,43.950275,0.835,334,291,0.7275
60,7,2,2,56.665005,0.645,258,210,0.525
60,7,2,3,111.705345,0.4025,161,94,0.235
60,7,2,4,197.41785,0.2775,111,25,0.0625
60,7,3,1,47.523632,0.835,334,287,0.7175
60,7,3,2,58.802956,0.66,264,211,0.5275
60,7,3,3,105.56702,0.4475,179,101,0.2525
60,7,3,4,168.8333,0.345,138,35,0.0875
60,7,4,1,52.95292,0.835,334,280,0.7
60,7,4,2,64.01414,0.665,266,207,0.5175
60,7,4,3,102.566795,0.4875,195,104,0.26
60,7,4,4,156.09567,0.3775,151,41,0.1025
60,9,1,1,42.332966,0.7875,315,279,0.6975
60,9,1,2,99.76884,0.4225,169,119,0.2975
60,9,1,3,278.43054,0.2175,87,14,0.035
60,9,1,4,346.6272,0.2,80,2,0.005
60,9,2,1,47.831177,0.795,318,273,0.6825
60,9,2,2,94.36968,0.4775,191,128,0.32
60,9,2,3,208.76738,0.2775,111,21,0.0525
60,9,2,4,278.95853,0.2375,95,5,0.0125
60,9,3,1,49.976334,0.795,318,270,0.675
60,9,3,2,92.3871,0.5075,203,134,0.335
60,9,3,3,173.6361,0.3625,145,28,0.07
60,9,3,4,223.64232,0.3175,127,8,0.02
60,9,4,1,52.096245,0.8,320,270,0.675
60,9,4,2,87.69541,0.5275,211,138,0.345
60,9,4,3,156.8026,0.3975,159,37,0.0925
60,9,4,4,203.41125,0.36,144,12,0.03
70,3,1,1,64.67062,0.8375,335,280,0.7
70,3,1,2,53.32036,0.8375,335,283,0.7075
70,3,1,3,49.151447,0.8375,335,284,0.71
70,3,1,4,47.260353,0.8275,331,284,0.71
70,3,2,1,67.62216,0.835,334,261,0.6525
70,3,2,2,62.833904,0.8375,335,269,0.6725
70,3,2,3,59.277256,0.8375,335,273,0.6825
70,3,2,4,56.75354,0.8275,331,269,0.6725
70,3,3,1,69.54284,0.835,334,243,0.6075
70,3,3,2,68.860435,0.835,334,252,0.63
70,3,3,3,68.25607,0.835,334,255,0.6375
70,3,3,4,68.67324,0.825,330,253,0.6325
70,3,4,1,80.69103,0.8325,333,218,0.545
70,3,4,2,71.72978,0.8325,333,232,0.58
70,3,4,3,69.71823,0.8325,333,239,0.5975
70,3,4,4,69.59788,0.82,328,238,0.595
70,5,1,1,61.439224,0.835,334,277,0.6925
70,5,1,2,54.657463,0.825,330,276,0.69
70,5,1,3,61.10573,0.665,266,215,0.5375
70,5,1,4,96.33217,0.465,186,124,0.31
70,5,2,1,67.44112,0.8325,333,259,0.6475
70,5,2,2,66.688354,0.8225,329,264,0.66
70,5,2,3,78.55838,0.6725,269,208,0.52
70,5,2,4,103.42634,0.5,200,130,0.325
70,5,3,1,73.38488,0.83,332,227,0.5675
70,5,3,2,71.92933,0.82,328,236,0.59
70,5,3,3,81.38572,0.6775,271,195,0.4875
70,5,3,4,100.262695,0.535,214,128,0.32
70,5,4,1,70.54187,0.7925,317,212,0.53
70,5,4,2,64.262375,0.78,312,220,0.55
70,5,4,3,80.72705,0.6875,275,182,0.455
70,5,4,4,100.37492,0.56,224,120,0.3
70,7,1,1,65.79193,0.835,334,276,0.69
70,7,1,2,80.42273,0.6575,263,208,0.52
70,7,1,3,135.85374,0.4,160,88,0.22
70,7,1,4,243.8817,0.2375,95,17,0.0425
70,7,2,1,65.49235,0.8325,333,273,0.6825
70,7,2,2,78.9783,0.6675,267,208,0.52
70,7,2,3,113.878265,0.47,188,99,0.2475
70,7,2,4,166.64435,0.36,144,35,0.0875
70,7,3,1,68.030716,0.8275,331,252,0.63
70,7,3,2,77.64422,0.6875,275,202,0.505
70,7,3,3,106.86084,0.4975,199,104,0.26
70,7,3,4,149.05026,0.405,162,47,0.1175
70,7,4,1,66.53614,0.81,324,230,0.575
70,7,4,2,74.479225,0.68,272,194,0.485
70,7,4,3,108.74987,0.5375,215,102,0.255
70,7,4,4,142.11618,0.445,178,50,0.125
70,9,1,1,67.452896,0.81,324,268,0.67
70,9,1,2,112.59306,0.47,188,121,0.3025
70,9,1,3,232.064,0.265,106,16,0.04
70,9,1,4,274.98816,0.225,90,4,0.01
70,9,2,1,66.78742,0.805,322,263,0.6575
70,9,2,2,104.07778,0.5075,203,126,0.315
70,9,2,3,169.07668,0.365,146,35,0.0875
70,9,2,4,221.91008,0.315,126,10,0.025
70,9,3,1,68.00163,0.8,320,244,0.61
70,9,3,2,98.67256,0.545,218,129,0.3225
70,9,3,3,156.03983,0.3975,159,43,0.1075
70,9,3,4,198.47723,0.3675,147,15,0.0375
70,9,4,1,66.532776,0.7825,313,221,0.5525
70,9,4,2,94.187706,0.555,222,118,0.295
70,9,4,3,134.13646,0.475,190,56,0.14
70,9,4,4,178.12134,0.45,180,20,0.05
80,3,1,1,24.109234,0.715,286,237,0.5925
80,3,1,2,48.247765,0.765,306,250,0.625
80,3,1,3,69.68669,0.83,332,255,0.6375
80,3,1,4,69.48419,0.825,330,254,0.635
80,3,2,1,40.35986,0.715,286,204,0.51
80,3,2,2,27.487513,0.715,286,227,0.5675
80,3,2,3,24.525173,0.715,286,240,0.6
80,3,2,4,44.52558,0.745,298,239,0.5975
80,3,3,1,65.23855,0.72,288,199,0.4975
80,3,3,2,46.55048,0.7175,287,202,0.505
80,3,3,3,38.064587,0.7175,287,211,0.5275
80,3,3,4,34.913048,0.71,284,212,0.53
80,3,4,1,83.48459,0.72,288,198,0.495
80,3,4,2,59.18736,0.72,288,198,0.495
80,3,4,3,49.276974,0.72,288,203,0.5075
80,3,4,4,48.32963,0.7125,285,201,0.5025
80,5,1,1,24.692276,0.715,286,238,0.595
80,5,1,2,46.888172,0.755,302,243,0.6075
80,5,1,3,82.91072,0.68,272,194,0.485
80,5,1,4,107.70839,0.4975,199,122,0.305
80,5,2,1,44.113487,0.7175,287,205,0.5125
80,5,2,2,40.16918,0.71,284,210,0.525
80,5,2,3,32.17529,0.5825,233,177,0.4425
80,5,2,4,72.02356,0.4725,189,127,0.3175
80,5,3,1,68.4514,0.72,288,199,0.4975
80,5,3,2,53.99152,0.715,286,201,0.5025
80,5,3,3,47.188374,0.6,240,169,0.4225
80,5,3,4,43.653698,0.4575,183,120,0.3
80,5,4,1,78.24633,0.72,288,198,0.495
80,5,4,2,71.24556,0.715,286,196,0.49
80,5,4,3,64.42427,0.6225,249,164,0.41
80,5,4,4,59.920532,0.4975,199,124,0.31
80,7,1,1,26.567049,0.7125,285,229,0.5725
80,7,1,2,71.48142,0.6475,259,194,0.485
80,7,1,3,126.19468,0.415,166,85,0.2125
80,7,1,4,215.18121,0.285,114,25,0.0625
80,7,2,1,42.00384,0.715,286,203,0.5075
80,7,2,2,32.41388,0.5775,231,175,0.4375
80,7,2,3,36.273376,0.39,156,98,0.245
80,7,2,4,65.77573,0.285,114,35,0.0875
80,7,3,1,61.92164,0.7175,287,199,0.4975
80,7,3,2,48.59007,0.6025,241,168,0.42
80,7,3,3,53.917686,0.43,172,101,0.2525
80,7,3,4,70.826485,0.3475,139,49,0.1225
80,7,4,1,69.37534,0.7175,287,196,0.49
80,7,4,2,64.57026,0.6375,255,170,0.425
80,7,4,3,68.22941,0.485,194,107,0.2675
80,7,4,4,81.93903,0.4275,171,62,0.155
80,9,1,1,26.827469,0.705,282,228,0.57
80,9,1,2,91.63777,0.4625,185,121,0.3025
80,9,1,3,186.90001,0.3225,129,30,0.075
80,9,1,4,257.48868,0.2625,105,5,0.0125
80,9,2,1,38.563606,0.705,282,206,0.515
80,9,2,2,35.357014,0.4375,175,121,0.3025
80,9,2,3,69.437126,0.3075,123,41,0.1025
80,9,2,4,191.12686,0.33,132,10,0.025
80,9,3,1,52.923473,0.71,284,195,0.4875
80,9,3,2,52.15117,0.49,196,120,0.3
80,9,3,3,75.32364,0.3725,149,48,0.12
80,9,3,4,114.10647,0.3125,125,20,0.05
80,9,4,1,65.82258,0.71,284,193,0.4825
80,9,4,2,70.380486,0.5475,219,127,0.3175
80,9,4,3,87.17619,0.47,188,62,0.155
80,9,4,4,123.42106,0.425,170,22,0.055